trend_name,trend_url,trend_query,tweet_volume,searched_at_datetime,searched_in_country
#estimates,http://twitter.com/search?q=%23estimates,%23estimates,,2021-06-01 03:15:46.457488,Australia
#dttwtselfieday,http://twitter.com/search?q=%23dttwtselfieday,%23dttwtselfieday,21780.0,2021-06-01 03:15:46.457488,Australia
#melbournelockdown2021,http://twitter.com/search?q=%23melbournelockdown2021,%23melbournelockdown2021,,2021-06-01 03:15:46.457488,Australia
#WWERaw,http://twitter.com/search?q=%23WWERaw,%23WWERaw,41427.0,2021-06-01 03:15:46.457488,Australia
#COVID19Vic,http://twitter.com/search?q=%23COVID19Vic,%23COVID19Vic,11154.0,2021-06-01 03:15:46.457488,Australia
#MulheresPower,http://twitter.com/search?q=%23MulheresPower,%23MulheresPower,15618.0,2021-06-01 03:15:46.457488,Brazil
#Lulagenocida,http://twitter.com/search?q=%23Lulagenocida,%23Lulagenocida,103457.0,2021-06-01 03:15:46.457488,Brazil
#StreamButter,http://twitter.com/search?q=%23StreamButter,%23StreamButter,20264.0,2021-06-01 03:15:46.457488,Brazil
#RodaViva,http://twitter.com/search?q=%23RodaViva,%23RodaViva,,2021-06-01 03:15:46.457488,Brazil
#jungkookpelado,http://twitter.com/search?q=%23jungkookpelado,%23jungkookpelado,,2021-06-01 03:15:46.457488,Brazil
#MTLvsTOR,http://twitter.com/search?q=%23MTLvsTOR,%23MTLvsTOR,,2021-06-01 03:15:46.457488,Canada
#bucciovertimechallenge,http://twitter.com/search?q=%23bucciovertimechallenge,%23bucciovertimechallenge,,2021-06-01 03:15:46.457488,Canada
#StanleyCup,http://twitter.com/search?q=%23StanleyCup,%23StanleyCup,12023.0,2021-06-01 03:15:46.457488,Canada
#NHLPlayoffs,http://twitter.com/search?q=%23NHLPlayoffs,%23NHLPlayoffs,,2021-06-01 03:15:46.457488,Canada
#215Indigenouschildren,http://twitter.com/search?q=%23215Indigenouschildren,%23215Indigenouschildren,,2021-06-01 03:15:46.457488,Canada
#Game7,http://twitter.com/search?q=%23Game7,%23Game7,,2021-06-01 03:15:46.457488,Canada
#WWERaw,http://twitter.com/search?q=%23WWERaw,%23WWERaw,41372.0,2021-06-01 03:15:46.457488,Canada
#tmltalk,http://twitter.com/search?q=%23tmltalk,%23tmltalk,,2021-06-01 03:15:46.457488,Canada
#dttwtselfieday,http://twitter.com/search?q=%23dttwtselfieday,%23dttwtselfieday,21829.0,2021-06-01 03:15:46.457488,Canada
#BigMad,http://twitter.com/search?q=%23BigMad,%23BigMad,,2021-06-01 03:15:46.457488,Canada
#PlanB,http://twitter.com/search?q=%23PlanB,%23PlanB,,2021-06-01 03:15:46.457488,France
#patronincognito,http://twitter.com/search?q=%23patronincognito,%23patronincognito,,2021-06-01 03:15:46.457488,France
#TPMP,http://twitter.com/search?q=%23TPMP,%23TPMP,19713.0,2021-06-01 03:15:46.457488,France
#GoHabsGo,http://twitter.com/search?q=%23GoHabsGo,%23GoHabsGo,34078.0,2021-06-01 03:15:46.457488,France
#cergy,http://twitter.com/search?q=%23cergy,%23cergy,96588.0,2021-06-01 03:15:46.457488,France
#U21EURO,http://twitter.com/search?q=%23U21EURO,%23U21EURO,15032.0,2021-06-01 03:15:46.457488,Germany
#GoHabsGo,http://twitter.com/search?q=%23GoHabsGo,%23GoHabsGo,34078.0,2021-06-01 03:15:46.457488,Germany
#cdustärkstekraft,http://twitter.com/search?q=%23cdust%C3%A4rkstekraft,%23cdust%C3%A4rkstekraft,,2021-06-01 03:15:46.457488,Germany
#LGBTQ,http://twitter.com/search?q=%23LGBTQ,%23LGBTQ,19619.0,2021-06-01 03:15:46.457488,Germany
#Nachtschicht,http://twitter.com/search?q=%23Nachtschicht,%23Nachtschicht,,2021-06-01 03:15:46.457488,Germany
#कबीरजी_के_रहस्यमयीदोहे,http://twitter.com/search?q=%23%E0%A4%95%E0%A4%AC%E0%A5%80%E0%A4%B0%E0%A4%9C%E0%A5%80_%E0%A4%95%E0%A5%87_%E0%A4%B0%E0%A4%B9%E0%A4%B8%E0%A5%8D%E0%A4%AF%E0%A4%AE%E0%A4%AF%E0%A5%80%E0%A4%A6%E0%A5%8B%E0%A4%B9%E0%A5%87,%23%E0%A4%95%E0%A4%AC%E0%A5%80%E0%A4%B0%E0%A4%9C%E0%A5%80_%E0%A4%95%E0%A5%87_%E0%A4%B0%E0%A4%B9%E0%A4%B8%E0%A5%8D%E0%A4%AF%E0%A4%AE%E0%A4%AF%E0%A5%80%E0%A4%A6%E0%A5%8B%E0%A4%B9%E0%A5%87,305946.0,2021-06-01 03:15:46.457488,India
#tuesdaymotivations,http://twitter.com/search?q=%23tuesdaymotivations,%23tuesdaymotivations,,2021-06-01 03:15:46.457488,India
#किसानों_का_दुश्मन_ZeeNews,http://twitter.com/search?q=%23%E0%A4%95%E0%A4%BF%E0%A4%B8%E0%A4%BE%E0%A4%A8%E0%A5%8B%E0%A4%82_%E0%A4%95%E0%A4%BE_%E0%A4%A6%E0%A5%81%E0%A4%B6%E0%A5%8D%E0%A4%AE%E0%A4%A8_ZeeNews,%23%E0%A4%95%E0%A4%BF%E0%A4%B8%E0%A4%BE%E0%A4%A8%E0%A5%8B%E0%A4%82_%E0%A4%95%E0%A4%BE_%E0%A4%A6%E0%A5%81%E0%A4%B6%E0%A5%8D%E0%A4%AE%E0%A4%A8_ZeeNews,40878.0,2021-06-01 03:15:46.457488,India
#WorldMilkDay,http://twitter.com/search?q=%23WorldMilkDay,%23WorldMilkDay,20817.0,2021-06-01 03:15:46.457488,India
#NeverForget1984,http://twitter.com/search?q=%23NeverForget1984,%23NeverForget1984,49052.0,2021-06-01 03:15:46.457488,India
#EnjoyDairy,http://twitter.com/search?q=%23EnjoyDairy,%23EnjoyDairy,13119.0,2021-06-01 03:15:46.457488,India
#ब्राह्मण_गौरव_दिवस,http://twitter.com/search?q=%23%E0%A4%AC%E0%A5%8D%E0%A4%B0%E0%A4%BE%E0%A4%B9%E0%A5%8D%E0%A4%AE%E0%A4%A3_%E0%A4%97%E0%A5%8C%E0%A4%B0%E0%A4%B5_%E0%A4%A6%E0%A4%BF%E0%A4%B5%E0%A4%B8,%23%E0%A4%AC%E0%A5%8D%E0%A4%B0%E0%A4%BE%E0%A4%B9%E0%A5%8D%E0%A4%AE%E0%A4%A3_%E0%A4%97%E0%A5%8C%E0%A4%B0%E0%A4%B5_%E0%A4%A6%E0%A4%BF%E0%A4%B5%E0%A4%B8,,2021-06-01 03:15:46.457488,India
#ThalapathyBdayMonthBegins,http://twitter.com/search?q=%23ThalapathyBdayMonthBegins,%23ThalapathyBdayMonthBegins,41336.0,2021-06-01 03:15:46.457488,India
#tiziaparty,http://twitter.com/search?q=%23tiziaparty,%23tiziaparty,,2021-06-01 03:15:46.457488,Italy
#tommasozorzi,http://twitter.com/search?q=%23tommasozorzi,%23tommasozorzi,55976.0,2021-06-01 03:15:46.457488,Italy
#Brusca,http://twitter.com/search?q=%23Brusca,%23Brusca,,2021-06-01 03:15:46.457488,Italy
#HappyBirthdayTomHolland,http://twitter.com/search?q=%23HappyBirthdayTomHolland,%23HappyBirthdayTomHolland,,2021-06-01 03:15:46.457488,Italy
#isoladeifamosi2021,http://twitter.com/search?q=%23isoladeifamosi2021,%23isoladeifamosi2021,,2021-06-01 03:15:46.457488,Italy
#tradenudesِ,http://twitter.com/search?q=%23tradenudes%D9%90,%23tradenudes%D9%90,,2021-06-01 03:15:46.457488,Ukraine
#ARMYSelcaDay,http://twitter.com/search?q=%23ARMYSelcaDay,%23ARMYSelcaDay,401596.0,2021-06-01 03:15:46.457488,Ukraine
#ARSD,http://twitter.com/search?q=%23ARSD,%23ARSD,433469.0,2021-06-01 03:15:46.457488,Ukraine
#cryptocurrency,http://twitter.com/search?q=%23cryptocurrency,%23cryptocurrency,108162.0,2021-06-01 03:15:46.457488,Ukraine
#hornyِ,http://twitter.com/search?q=%23horny%D9%90,%23horny%D9%90,25000.0,2021-06-01 03:15:46.457488,Ukraine
#jailbaitِ,http://twitter.com/search?q=%23jailbait%D9%90,%23jailbait%D9%90,,2021-06-01 03:15:46.457488,Ukraine
#StreamWOLFGANG,http://twitter.com/search?q=%23StreamWOLFGANG,%23StreamWOLFGANG,50724.0,2021-06-01 03:15:46.457488,Mexico
#EllasEnTUDN,http://twitter.com/search?q=%23EllasEnTUDN,%23EllasEnTUDN,,2021-06-01 03:15:46.457488,Mexico
#FinalLaVozSenior,http://twitter.com/search?q=%23FinalLaVozSenior,%23FinalLaVozSenior,,2021-06-01 03:15:46.457488,Mexico
#YoNoVotarePorMorena,http://twitter.com/search?q=%23YoNoVotarePorMorena,%23YoNoVotarePorMorena,26148.0,2021-06-01 03:15:46.457488,Mexico
#LordDespensas,http://twitter.com/search?q=%23LordDespensas,%23LordDespensas,,2021-06-01 03:15:46.457488,Mexico
#lamesareñoñaenvivo,http://twitter.com/search?q=%23lamesare%C3%B1o%C3%B1aenvivo,%23lamesare%C3%B1o%C3%B1aenvivo,,2021-06-01 03:15:46.457488,Mexico
#TheD2xButterPurge,http://twitter.com/search?q=%23TheD2xButterPurge,%23TheD2xButterPurge,18650.0,2021-06-01 03:15:46.457488,Mexico
#TPHAs21BTS,http://twitter.com/search?q=%23TPHAs21BTS,%23TPHAs21BTS,43330.0,2021-06-01 03:15:46.457488,Mexico
#NegrihoodConvoy,http://twitter.com/search?q=%23NegrihoodConvoy,%23NegrihoodConvoy,,2021-06-01 03:15:46.457488,Mexico
#OtraVez,http://twitter.com/search?q=%23OtraVez,%23OtraVez,,2021-06-01 03:15:46.457488,Mexico
#EquipoYahir,http://twitter.com/search?q=%23EquipoYahir,%23EquipoYahir,,2021-06-01 03:15:46.457488,Mexico
#bucciovertimechallenge,http://twitter.com/search?q=%23bucciovertimechallenge,%23bucciovertimechallenge,,2021-06-01 03:15:46.457488,United States
#WWERaw,http://twitter.com/search?q=%23WWERaw,%23WWERaw,41372.0,2021-06-01 03:15:46.457488,United States
#Isles,http://twitter.com/search?q=%23Isles,%23Isles,,2021-06-01 03:15:46.457488,United States
#DreamlandTulsa,http://twitter.com/search?q=%23DreamlandTulsa,%23DreamlandTulsa,,2021-06-01 03:15:46.457488,United States
#dttwtselfieday,http://twitter.com/search?q=%23dttwtselfieday,%23dttwtselfieday,21829.0,2021-06-01 03:15:46.457488,United States
#COVID19Vic,http://twitter.com/search?q=%23COVID19Vic,%23COVID19Vic,11650.0,2021-06-02 03:11:48.163601,Australia
#pride,http://twitter.com/search?q=%23pride,%23pride,564990.0,2021-06-02 03:11:48.163601,Australia
#NBAPlayoffs,http://twitter.com/search?q=%23NBAPlayoffs,%23NBAPlayoffs,17312.0,2021-06-02 03:11:48.163601,Australia
#springst,http://twitter.com/search?q=%23springst,%23springst,,2021-06-02 03:11:48.163601,Australia
#LakeShow,http://twitter.com/search?q=%23LakeShow,%23LakeShow,10644.0,2021-06-02 03:11:48.163601,Australia
#NoLimite,http://twitter.com/search?q=%23NoLimite,%23NoLimite,61899.0,2021-06-02 03:11:48.163601,Brazil
#pride,http://twitter.com/search?q=%23pride,%23pride,564930.0,2021-06-02 03:11:48.163601,Brazil
#SomosTodosDraNise,http://twitter.com/search?q=%23SomosTodosDraNise,%23SomosTodosDraNise,75537.0,2021-06-02 03:11:48.163601,Brazil
#HomensPower,http://twitter.com/search?q=%23HomensPower,%23HomensPower,,2021-06-02 03:11:48.163601,Brazil
#JulietteNaAmericanas,http://twitter.com/search?q=%23JulietteNaAmericanas,%23JulietteNaAmericanas,74642.0,2021-06-02 03:11:48.163601,Brazil
#pride,http://twitter.com/search?q=%23pride,%23pride,564990.0,2021-06-02 03:11:48.163601,Canada
#RHONY,http://twitter.com/search?q=%23RHONY,%23RHONY,,2021-06-02 03:11:48.163601,Canada
#NewAmsterdam,http://twitter.com/search?q=%23NewAmsterdam,%23NewAmsterdam,,2021-06-02 03:11:48.163601,Canada
#BlueJays,http://twitter.com/search?q=%23BlueJays,%23BlueJays,,2021-06-02 03:11:48.163601,Canada
#WWENXT,http://twitter.com/search?q=%23WWENXT,%23WWENXT,23077.0,2021-06-02 03:11:48.163601,Canada
#reta,http://twitter.com/search?q=%23reta,%23reta,,2021-06-02 03:11:48.163601,France
#JeNeVotePasRN,http://twitter.com/search?q=%23JeNeVotePasRN,%23JeNeVotePasRN,,2021-06-02 03:11:48.163601,France
#JeVoteRN,http://twitter.com/search?q=%23JeVoteRN,%23JeVoteRN,23190.0,2021-06-02 03:11:48.163601,France
#lemeilleurpatissier,http://twitter.com/search?q=%23lemeilleurpatissier,%23lemeilleurpatissier,,2021-06-02 03:11:48.163601,France
#NBAExtra,http://twitter.com/search?q=%23NBAExtra,%23NBAExtra,,2021-06-02 03:11:48.163601,France
#Lanz,http://twitter.com/search?q=%23Lanz,%23Lanz,,2021-06-02 03:11:48.163601,Germany
#pride,http://twitter.com/search?q=%23pride,%23pride,564930.0,2021-06-02 03:11:48.163601,Germany
#NBAPlayoffs,http://twitter.com/search?q=%23NBAPlayoffs,%23NBAPlayoffs,17328.0,2021-06-02 03:11:48.163601,Germany
#BurningCrusade,http://twitter.com/search?q=%23BurningCrusade,%23BurningCrusade,,2021-06-02 03:11:48.163601,Germany
#Lauterbach,http://twitter.com/search?q=%23Lauterbach,%23Lauterbach,,2021-06-02 03:11:48.163601,Germany
#MethodOfMeditation,http://twitter.com/search?q=%23MethodOfMeditation,%23MethodOfMeditation,17525.0,2021-06-02 03:11:48.163601,India
#wednesdaythought,http://twitter.com/search?q=%23wednesdaythought,%23wednesdaythought,,2021-06-02 03:11:48.163601,India
#TelanganaFormationDay,http://twitter.com/search?q=%23TelanganaFormationDay,%23TelanganaFormationDay,,2021-06-02 03:11:48.163601,India
#WhereAreMissingFarmers,http://twitter.com/search?q=%23WhereAreMissingFarmers,%23WhereAreMissingFarmers,31152.0,2021-06-02 03:11:48.163601,India
#HBDilayaraja,http://twitter.com/search?q=%23HBDilayaraja,%23HBDilayaraja,,2021-06-02 03:11:48.163601,India
#पंचायतीराज_LDC2013,http://twitter.com/search?q=%23%E0%A4%AA%E0%A4%82%E0%A4%9A%E0%A4%BE%E0%A4%AF%E0%A4%A4%E0%A5%80%E0%A4%B0%E0%A4%BE%E0%A4%9C_LDC2013,%23%E0%A4%AA%E0%A4%82%E0%A4%9A%E0%A4%BE%E0%A4%AF%E0%A4%A4%E0%A5%80%E0%A4%B0%E0%A4%BE%E0%A4%9C_LDC2013,26865.0,2021-06-02 03:11:48.163601,India
#WednesdayMotivation,http://twitter.com/search?q=%23WednesdayMotivation,%23WednesdayMotivation,,2021-06-02 03:11:48.163601,India
#Join_Hindu_Ecosystem,http://twitter.com/search?q=%23Join_Hindu_Ecosystem,%23Join_Hindu_Ecosystem,,2021-06-02 03:11:48.163601,India
#Wednesdayvibe,http://twitter.com/search?q=%23Wednesdayvibe,%23Wednesdayvibe,,2021-06-02 03:11:48.163601,India
#महेन्द्र_मर्डर_की_CBI_जांच_हो,http://twitter.com/search?q=%23%E0%A4%AE%E0%A4%B9%E0%A5%87%E0%A4%A8%E0%A5%8D%E0%A4%A6%E0%A5%8D%E0%A4%B0_%E0%A4%AE%E0%A4%B0%E0%A5%8D%E0%A4%A1%E0%A4%B0_%E0%A4%95%E0%A5%80_CBI_%E0%A4%9C%E0%A4%BE%E0%A4%82%E0%A4%9A_%E0%A4%B9%E0%A5%8B,%23%E0%A4%AE%E0%A4%B9%E0%A5%87%E0%A4%A8%E0%A5%8D%E0%A4%A6%E0%A5%8D%E0%A4%B0_%E0%A4%AE%E0%A4%B0%E0%A5%8D%E0%A4%A1%E0%A4%B0_%E0%A4%95%E0%A5%80_CBI_%E0%A4%9C%E0%A4%BE%E0%A4%82%E0%A4%9A_%E0%A4%B9%E0%A5%8B,,2021-06-02 03:11:48.163601,India
#HappyBirthdayManiRatnam,http://twitter.com/search?q=%23HappyBirthdayManiRatnam,%23HappyBirthdayManiRatnam,,2021-06-02 03:11:48.163601,India
#HBDRajasir,http://twitter.com/search?q=%23HBDRajasir,%23HBDRajasir,,2021-06-02 03:11:48.163601,India
#tiziaparty,http://twitter.com/search?q=%23tiziaparty,%23tiziaparty,,2021-06-02 03:11:48.163601,Italy
#NotteAzzurra,http://twitter.com/search?q=%23NotteAzzurra,%23NotteAzzurra,,2021-06-02 03:11:48.163601,Italy
#EURO2020,http://twitter.com/search?q=%23EURO2020,%23EURO2020,65163.0,2021-06-02 03:11:48.163601,Italy
#leiene,http://twitter.com/search?q=%23leiene,%23leiene,,2021-06-02 03:11:48.163601,Italy
#NewAmsterdam,http://twitter.com/search?q=%23NewAmsterdam,%23NewAmsterdam,,2021-06-02 03:11:48.163601,Italy
#nsfwِ,http://twitter.com/search?q=%23nsfw%D9%90,%23nsfw%D9%90,57149.0,2021-06-02 03:11:48.163601,Ukraine
#pride,http://twitter.com/search?q=%23pride,%23pride,565370.0,2021-06-02 03:11:48.163601,Ukraine
#nakedِ,http://twitter.com/search?q=%23naked%D9%90,%23naked%D9%90,,2021-06-02 03:11:48.163601,Ukraine
#Butter1onHot100,http://twitter.com/search?q=%23Butter1onHot100,%23Butter1onHot100,874181.0,2021-06-02 03:11:48.163601,Ukraine
#thotِ,http://twitter.com/search?q=%23thot%D9%90,%23thot%D9%90,,2021-06-02 03:11:48.163601,Ukraine
#deltablues,http://twitter.com/search?q=%23deltablues,%23deltablues,,2021-06-02 03:11:48.163601,Ukraine
#BlindDogRadio,http://twitter.com/search?q=%23BlindDogRadio,%23BlindDogRadio,,2021-06-02 03:11:48.163601,Ukraine
#tradenudesِ,http://twitter.com/search?q=%23tradenudes%D9%90,%23tradenudes%D9%90,,2021-06-02 03:11:48.163601,Ukraine
#EstrenoLaVoz,http://twitter.com/search?q=%23EstrenoLaVoz,%23EstrenoLaVoz,,2021-06-02 03:11:48.163601,Mexico
#integracionharrie,http://twitter.com/search?q=%23integracionharrie,%23integracionharrie,28952.0,2021-06-02 03:11:48.163601,Mexico
#LatinusReforma,http://twitter.com/search?q=%23LatinusReforma,%23LatinusReforma,51546.0,2021-06-02 03:11:48.163601,Mexico
#BTSMeal,http://twitter.com/search?q=%23BTSMeal,%23BTSMeal,41719.0,2021-06-02 03:11:48.163601,Mexico
#LakeShow,http://twitter.com/search?q=%23LakeShow,%23LakeShow,10644.0,2021-06-02 03:11:48.163601,Mexico
#LALvsPHX,http://twitter.com/search?q=%23LALvsPHX,%23LALvsPHX,,2021-06-02 03:11:48.163601,United States
#RHONY,http://twitter.com/search?q=%23RHONY,%23RHONY,,2021-06-02 03:11:48.163601,United States
#pride,http://twitter.com/search?q=%23pride,%23pride,565401.0,2021-06-02 03:11:48.163601,United States
#CruelSummer,http://twitter.com/search?q=%23CruelSummer,%23CruelSummer,,2021-06-02 03:11:48.163601,United States
#WWENXT,http://twitter.com/search?q=%23WWENXT,%23WWENXT,23077.0,2021-06-02 03:11:48.163601,United States
#AFLDonsTigers,http://twitter.com/search?q=%23AFLDonsTigers,%23AFLDonsTigers,,2021-06-05 12:40:05.826768,Australia
#AFLDonsTigers,http://twitter.com/search?q=%23AFLDonsTigers,%23AFLDonsTigers,,2021-06-05 12:40:05.826768,Australia
#nrlstormtitans,http://twitter.com/search?q=%23nrlstormtitans,%23nrlstormtitans,,2021-06-05 12:40:05.826768,Australia
#dreamtimeinperth,http://twitter.com/search?q=%23dreamtimeinperth,%23dreamtimeinperth,,2021-06-05 12:40:05.826768,Australia
#AzerbaijanGP,http://twitter.com/search?q=%23AzerbaijanGP,%23AzerbaijanGP,63269.0,2021-06-05 12:40:05.826768,Australia
#aflcrowspies,http://twitter.com/search?q=%23aflcrowspies,%23aflcrowspies,,2021-06-05 12:40:05.826768,Australia
#BRUvHUR,http://twitter.com/search?q=%23BRUvHUR,%23BRUvHUR,,2021-06-05 12:40:05.826768,Australia
#AustraliasBiggestSingalong,http://twitter.com/search?q=%23AustraliasBiggestSingalong,%23AustraliasBiggestSingalong,,2021-06-05 12:40:05.826768,Australia
#SingalongSBS,http://twitter.com/search?q=%23SingalongSBS,%23SingalongSBS,,2021-06-05 12:40:05.826768,Australia
#NEWvPER,http://twitter.com/search?q=%23NEWvPER,%23NEWvPER,,2021-06-05 12:40:05.826768,Australia
#ENGvNZ,http://twitter.com/search?q=%23ENGvNZ,%23ENGvNZ,,2021-06-05 12:40:05.826768,Australia
#AFLDeadly,http://twitter.com/search?q=%23AFLDeadly,%23AFLDeadly,,2021-06-05 12:40:05.826768,Australia
#DragRaceDownUnder,http://twitter.com/search?q=%23DragRaceDownUnder,%23DragRaceDownUnder,,2021-06-05 12:40:05.826768,Australia
#weflyasone,http://twitter.com/search?q=%23weflyasone,%23weflyasone,,2021-06-05 12:40:05.826768,Australia
#AFLSwansSaints,http://twitter.com/search?q=%23AFLSwansSaints,%23AFLSwansSaints,,2021-06-05 12:40:05.826768,Australia
#CCMvWUN,http://twitter.com/search?q=%23CCMvWUN,%23CCMvWUN,,2021-06-05 12:40:05.826768,Australia
#SuperRugbyTT,http://twitter.com/search?q=%23SuperRugbyTT,%23SuperRugbyTT,,2021-06-05 12:40:05.826768,Australia
#MurdochGutterMedia,http://twitter.com/search?q=%23MurdochGutterMedia,%23MurdochGutterMedia,,2021-06-05 12:40:05.826768,Australia
#F1naBand,http://twitter.com/search?q=%23F1naBand,%23F1naBand,,2021-06-05 12:40:05.826768,Brazil
#AzerbaijanGP,http://twitter.com/search?q=%23AzerbaijanGP,%23AzerbaijanGP,63383.0,2021-06-05 12:40:05.826768,Brazil
#DiaMundialDoMeioAmbiente,http://twitter.com/search?q=%23DiaMundialDoMeioAmbiente,%23DiaMundialDoMeioAmbiente,,2021-06-05 12:40:05.826768,Brazil
#SabadoDetremuraSDV,http://twitter.com/search?q=%23SabadoDetremuraSDV,%23SabadoDetremuraSDV,,2021-06-05 12:40:05.826768,Brazil
#MotoGPFoxSports,http://twitter.com/search?q=%23MotoGPFoxSports,%23MotoGPFoxSports,,2021-06-05 12:40:05.826768,Brazil
#LOUDEp1,http://twitter.com/search?q=%23LOUDEp1,%23LOUDEp1,,2021-06-05 12:40:05.826768,Brazil
#GOpaiN,http://twitter.com/search?q=%23GOpaiN,%23GOpaiN,,2021-06-05 12:40:05.826768,Brazil
#Mito,http://twitter.com/search?q=%23Mito,%23Mito,,2021-06-05 12:40:05.826768,Brazil
#GoFLA,http://twitter.com/search?q=%23GoFLA,%23GoFLA,,2021-06-05 12:40:05.826768,Brazil
#EDeCasa,http://twitter.com/search?q=%23EDeCasa,%23EDeCasa,,2021-06-05 12:40:05.826768,Brazil
#sabadou,http://twitter.com/search?q=%23sabadou,%23sabadou,,2021-06-05 12:40:05.826768,Brazil
#10YearsOfTeenWolf,http://twitter.com/search?q=%2310YearsOfTeenWolf,%2310YearsOfTeenWolf,14254.0,2021-06-05 12:40:05.826768,Brazil
#F1noGP,http://twitter.com/search?q=%23F1noGP,%23F1noGP,,2021-06-05 12:40:05.826768,Brazil
#ParticipanteReality,http://twitter.com/search?q=%23ParticipanteReality,%23ParticipanteReality,23735.0,2021-06-05 12:40:05.826768,Brazil
#Crush,http://twitter.com/search?q=%23Crush,%23Crush,25619.0,2021-06-05 12:40:05.826768,Brazil
#HaikyuuFestaJunina,http://twitter.com/search?q=%23HaikyuuFestaJunina,%23HaikyuuFestaJunina,,2021-06-05 12:40:05.826768,Brazil
#CBLOL,http://twitter.com/search?q=%23CBLOL,%23CBLOL,,2021-06-05 12:40:05.826768,Brazil
#AzerbaijanGP,http://twitter.com/search?q=%23AzerbaijanGP,%23AzerbaijanGP,63383.0,2021-06-05 12:40:05.826768,Canada
#WorldEnvironmentDay,http://twitter.com/search?q=%23WorldEnvironmentDay,%23WorldEnvironmentDay,480601.0,2021-06-05 12:40:05.826768,Canada
#Caturday,http://twitter.com/search?q=%23Caturday,%23Caturday,,2021-06-05 12:40:05.826768,Canada
#SaturdayMorning,http://twitter.com/search?q=%23SaturdayMorning,%23SaturdayMorning,12906.0,2021-06-05 12:40:05.826768,Canada
#June12Protest,http://twitter.com/search?q=%23June12Protest,%23June12Protest,68310.0,2021-06-05 12:40:05.826768,Canada
#AzerbaijanGP,http://twitter.com/search?q=%23AzerbaijanGP,%23AzerbaijanGP,63383.0,2021-06-05 12:40:05.826768,France
#Annemasse,http://twitter.com/search?q=%23Annemasse,%23Annemasse,,2021-06-05 12:40:05.826768,France
#10YearsOfTeenWolf,http://twitter.com/search?q=%2310YearsOfTeenWolf,%2310YearsOfTeenWolf,14254.0,2021-06-05 12:40:05.826768,France
#TwitterBan,http://twitter.com/search?q=%23TwitterBan,%23TwitterBan,257983.0,2021-06-05 12:40:05.826768,France
#OdoulGate,http://twitter.com/search?q=%23OdoulGate,%23OdoulGate,,2021-06-05 12:40:05.826768,France
#AzerbaijanGP,http://twitter.com/search?q=%23AzerbaijanGP,%23AzerbaijanGP,63383.0,2021-06-05 12:40:05.826768,Germany
#spahnruecktritt,http://twitter.com/search?q=%23spahnruecktritt,%23spahnruecktritt,20451.0,2021-06-05 12:40:05.826768,Germany
#TwitterBan,http://twitter.com/search?q=%23TwitterBan,%23TwitterBan,257983.0,2021-06-05 12:40:05.826768,Germany
#WSVBVB,http://twitter.com/search?q=%23WSVBVB,%23WSVBVB,,2021-06-05 12:40:05.826768,Germany
#Formel1,http://twitter.com/search?q=%23Formel1,%23Formel1,,2021-06-05 12:40:05.826768,Germany
#b0506,http://twitter.com/search?q=%23b0506,%23b0506,,2021-06-05 12:40:05.826768,Germany
#SkyF1,http://twitter.com/search?q=%23SkyF1,%23SkyF1,,2021-06-05 12:40:05.826768,Germany
#A100stoppen,http://twitter.com/search?q=%23A100stoppen,%23A100stoppen,,2021-06-05 12:40:05.826768,Germany
#StandForOrhanInandi,http://twitter.com/search?q=%23StandForOrhanInandi,%23StandForOrhanInandi,16988.0,2021-06-05 12:40:05.826768,Germany
#Baerbock,http://twitter.com/search?q=%23Baerbock,%23Baerbock,10518.0,2021-06-05 12:40:05.826768,Germany
#WorldEnvironmentDay,http://twitter.com/search?q=%23WorldEnvironmentDay,%23WorldEnvironmentDay,480601.0,2021-06-05 12:40:05.826768,Germany
#BVBU23,http://twitter.com/search?q=%23BVBU23,%23BVBU23,,2021-06-05 12:40:05.826768,Germany
#June12Protest,http://twitter.com/search?q=%23June12Protest,%23June12Protest,68413.0,2021-06-05 12:40:05.826768,Germany
#FauciGate,http://twitter.com/search?q=%23FauciGate,%23FauciGate,16489.0,2021-06-05 12:40:05.826768,Germany
#Weltumwelttag,http://twitter.com/search?q=%23Weltumwelttag,%23Weltumwelttag,,2021-06-05 12:40:05.826768,Germany
#TagderOrganspende,http://twitter.com/search?q=%23TagderOrganspende,%23TagderOrganspende,,2021-06-05 12:40:05.826768,Germany
#ltwsa21,http://twitter.com/search?q=%23ltwsa21,%23ltwsa21,,2021-06-05 12:40:05.826768,Germany
#Caturday,http://twitter.com/search?q=%23Caturday,%23Caturday,,2021-06-05 12:40:05.826768,Germany
#EndSARS,http://twitter.com/search?q=%23EndSARS,%23EndSARS,71629.0,2021-06-05 12:40:05.826768,Germany
#MobilitätswendeJetzt,http://twitter.com/search?q=%23Mobilit%C3%A4tswendeJetzt,%23Mobilit%C3%A4tswendeJetzt,,2021-06-05 12:40:05.826768,Germany
#Pressefreiheit,http://twitter.com/search?q=%23Pressefreiheit,%23Pressefreiheit,,2021-06-05 12:40:05.826768,Germany
#Drosten,http://twitter.com/search?q=%23Drosten,%23Drosten,,2021-06-05 12:40:05.826768,Germany
#SachsenAnhalt,http://twitter.com/search?q=%23SachsenAnhalt,%23SachsenAnhalt,,2021-06-05 12:40:05.826768,Germany
#Scheuer,http://twitter.com/search?q=%23Scheuer,%23Scheuer,,2021-06-05 12:40:05.826768,Germany
#ltwlsa,http://twitter.com/search?q=%23ltwlsa,%23ltwlsa,,2021-06-05 12:40:05.826768,Germany
#Landtagswahl,http://twitter.com/search?q=%23Landtagswahl,%23Landtagswahl,,2021-06-05 12:40:05.826768,Germany
#WorldEnvironmentDay,http://twitter.com/search?q=%23WorldEnvironmentDay,%23WorldEnvironmentDay,480723.0,2021-06-05 12:40:05.826768,India
#TirangaTick,http://twitter.com/search?q=%23TirangaTick,%23TirangaTick,,2021-06-05 12:40:05.826768,India
#BTSonENOW,http://twitter.com/search?q=%23BTSonENOW,%23BTSonENOW,70711.0,2021-06-05 12:40:05.826768,India
#LokaaFoundationSavingLives,http://twitter.com/search?q=%23LokaaFoundationSavingLives,%23LokaaFoundationSavingLives,,2021-06-05 12:40:05.826768,India
#HamareDilMeinBTS,http://twitter.com/search?q=%23HamareDilMeinBTS,%23HamareDilMeinBTS,37453.0,2021-06-05 12:40:05.826768,India
#ArrestRssBjpLeaders,http://twitter.com/search?q=%23ArrestRssBjpLeaders,%23ArrestRssBjpLeaders,47210.0,2021-06-05 12:40:05.826768,India
#BanTwitterInIndia,http://twitter.com/search?q=%23BanTwitterInIndia,%23BanTwitterInIndia,22905.0,2021-06-05 12:40:05.826768,India
#OurBoyEdSheeran,http://twitter.com/search?q=%23OurBoyEdSheeran,%23OurBoyEdSheeran,20935.0,2021-06-05 12:40:05.826768,India
#AzerbaijanGP,http://twitter.com/search?q=%23AzerbaijanGP,%23AzerbaijanGP,63269.0,2021-06-05 12:40:05.826768,India
#ModiProtectsRationMafia,http://twitter.com/search?q=%23ModiProtectsRationMafia,%23ModiProtectsRationMafia,,2021-06-05 12:40:05.826768,India
#blueTick,http://twitter.com/search?q=%23blueTick,%23blueTick,24667.0,2021-06-05 12:40:05.826768,India
#WeekendWithMassVEERAM,http://twitter.com/search?q=%23WeekendWithMassVEERAM,%23WeekendWithMassVEERAM,24472.0,2021-06-05 12:40:05.826768,India
#GetVaccinatedSoonIndia,http://twitter.com/search?q=%23GetVaccinatedSoonIndia,%23GetVaccinatedSoonIndia,,2021-06-05 12:40:05.826768,India
#PlusConversations,http://twitter.com/search?q=%23PlusConversations,%23PlusConversations,,2021-06-05 12:40:05.826768,India
#SaveBuxwahaForest,http://twitter.com/search?q=%23SaveBuxwahaForest,%23SaveBuxwahaForest,59313.0,2021-06-05 12:40:05.826768,India
#JasLyiansLoveJasLy,http://twitter.com/search?q=%23JasLyiansLoveJasLy,%23JasLyiansLoveJasLy,15892.0,2021-06-05 12:40:05.826768,India
#michelemerlo,http://twitter.com/search?q=%23michelemerlo,%23michelemerlo,,2021-06-05 12:40:05.826768,Italy
#SeidVisin,http://twitter.com/search?q=%23SeidVisin,%23SeidVisin,,2021-06-05 12:40:05.826768,Italy
#AzerbaijanGP,http://twitter.com/search?q=%23AzerbaijanGP,%23AzerbaijanGP,63578.0,2021-06-05 12:40:05.826768,Italy
#Musetti,http://twitter.com/search?q=%23Musetti,%23Musetti,,2021-06-05 12:40:05.826768,Italy
#10YearsOfTeenWolf,http://twitter.com/search?q=%2310YearsOfTeenWolf,%2310YearsOfTeenWolf,15201.0,2021-06-05 12:40:05.826768,Italy
#giornatamondialedellambiente,http://twitter.com/search?q=%23giornatamondialedellambiente,%23giornatamondialedellambiente,,2021-06-05 12:40:05.826768,Italy
#twittamibeautiful,http://twitter.com/search?q=%23twittamibeautiful,%23twittamibeautiful,,2021-06-05 12:40:05.826768,Italy
#5giugno,http://twitter.com/search?q=%235giugno,%235giugno,,2021-06-05 12:40:05.826768,Italy
#elisadirivombrosa,http://twitter.com/search?q=%23elisadirivombrosa,%23elisadirivombrosa,,2021-06-05 12:40:05.826768,Italy
#SkyMotori,http://twitter.com/search?q=%23SkyMotori,%23SkyMotori,,2021-06-05 12:40:05.826768,Italy
#RolandGarros,http://twitter.com/search?q=%23RolandGarros,%23RolandGarros,31851.0,2021-06-05 12:40:05.826768,Italy
#WorldEnvironmentDay,http://twitter.com/search?q=%23WorldEnvironmentDay,%23WorldEnvironmentDay,480723.0,2021-06-05 12:40:05.826768,Italy
#razzismo,http://twitter.com/search?q=%23razzismo,%23razzismo,,2021-06-05 12:40:05.826768,Italy
#Cecchinato,http://twitter.com/search?q=%23Cecchinato,%23Cecchinato,,2021-06-05 12:40:05.826768,Italy
#Sinner,http://twitter.com/search?q=%23Sinner,%23Sinner,,2021-06-05 12:40:05.826768,Italy
#Tevez,http://twitter.com/search?q=%23Tevez,%23Tevez,18050.0,2021-06-05 12:40:05.826768,Italy
#Carabinieri,http://twitter.com/search?q=%23Carabinieri,%23Carabinieri,,2021-06-05 12:40:05.826768,Italy
#CatalanGP,http://twitter.com/search?q=%23CatalanGP,%23CatalanGP,11238.0,2021-06-05 12:40:05.826768,Italy
#angelini,http://twitter.com/search?q=%23angelini,%23angelini,,2021-06-05 12:40:05.826768,Italy
#LeRagioniDelCuore,http://twitter.com/search?q=%23LeRagioniDelCuore,%23LeRagioniDelCuore,,2021-06-05 12:40:05.826768,Italy
#GenerationRestoration,http://twitter.com/search?q=%23GenerationRestoration,%23GenerationRestoration,48358.0,2021-06-05 12:40:05.826768,Italy
#FestaArma2021,http://twitter.com/search?q=%23FestaArma2021,%23FestaArma2021,,2021-06-05 12:40:05.826768,Italy
#BakuGP,http://twitter.com/search?q=%23BakuGP,%23BakuGP,,2021-06-05 12:40:05.826768,Italy
#natura,http://twitter.com/search?q=%23natura,%23natura,,2021-06-05 12:40:05.826768,Italy
#TwitterBan,http://twitter.com/search?q=%23TwitterBan,%23TwitterBan,258203.0,2021-06-05 12:40:05.826768,Ukraine
#русскийдьявол,http://twitter.com/search?q=%23%D1%80%D1%83%D1%81%D1%81%D0%BA%D0%B8%D0%B9%D0%B4%D1%8C%D1%8F%D0%B2%D0%BE%D0%BB,%23%D1%80%D1%83%D1%81%D1%81%D0%BA%D0%B8%D0%B9%D0%B4%D1%8C%D1%8F%D0%B2%D0%BE%D0%BB,,2021-06-05 12:40:05.826768,Ukraine
#GenshinImpact,http://twitter.com/search?q=%23GenshinImpact,%23GenshinImpact,104949.0,2021-06-05 12:40:05.826768,Ukraine
#F473,http://twitter.com/search?q=%23F473,%23F473,,2021-06-05 12:40:05.826768,Ukraine
#AzerbaijanGP,http://twitter.com/search?q=%23AzerbaijanGP,%23AzerbaijanGP,63383.0,2021-06-05 12:40:05.826768,Mexico
#FelizSabado,http://twitter.com/search?q=%23FelizSabado,%23FelizSabado,,2021-06-05 12:40:05.826768,Mexico
#김현중_PrismTime_OrangeHug,http://twitter.com/search?q=%23%EA%B9%80%ED%98%84%EC%A4%91_PrismTime_OrangeHug,%23%EA%B9%80%ED%98%84%EC%A4%91_PrismTime_OrangeHug,,2021-06-05 12:40:05.826768,Mexico
#ConToroCheco,http://twitter.com/search?q=%23ConToroCheco,%23ConToroCheco,,2021-06-05 12:40:05.826768,Mexico
#GPAzerbaiyan,http://twitter.com/search?q=%23GPAzerbaiyan,%23GPAzerbaiyan,,2021-06-05 12:40:05.826768,Mexico
#SaturdayMorning,http://twitter.com/search?q=%23SaturdayMorning,%23SaturdayMorning,13436.0,2021-06-05 12:40:05.826768,United States
#AzerbaijanGP,http://twitter.com/search?q=%23AzerbaijanGP,%23AzerbaijanGP,63578.0,2021-06-05 12:40:05.826768,United States
#June12Protest,http://twitter.com/search?q=%23June12Protest,%23June12Protest,68392.0,2021-06-05 12:40:05.826768,United States
#SaturdayThoughts,http://twitter.com/search?q=%23SaturdayThoughts,%23SaturdayThoughts,16043.0,2021-06-05 12:40:05.826768,United States
#SaturdayVibes,http://twitter.com/search?q=%23SaturdayVibes,%23SaturdayVibes,,2021-06-05 12:40:05.826768,United States
#AFLSaintsCrows,http://twitter.com/search?q=%23AFLSaintsCrows,%23AFLSaintsCrows,,2021-06-12 12:14:38.144467,Australia
#NRLRaidersBroncos,http://twitter.com/search?q=%23NRLRaidersBroncos,%23NRLRaidersBroncos,,2021-06-12 12:14:38.144467,Australia
#CCMvMAC,http://twitter.com/search?q=%23CCMvMAC,%23CCMvMAC,,2021-06-12 12:14:38.144467,Australia
#weflyasone,http://twitter.com/search?q=%23weflyasone,%23weflyasone,,2021-06-12 12:14:38.144467,Australia
#SSNThunderbirdsSwifts,http://twitter.com/search?q=%23SSNThunderbirdsSwifts,%23SSNThunderbirdsSwifts,,2021-06-12 12:14:38.144467,Australia
#BolsonaroEmSP,http://twitter.com/search?q=%23BolsonaroEmSP,%23BolsonaroEmSP,,2021-06-12 12:14:38.144467,Brazil
#SabadoDetremuraSDV,http://twitter.com/search?q=%23SabadoDetremuraSDV,%23SabadoDetremuraSDV,,2021-06-12 12:14:38.144467,Brazil
#LOUDEp2,http://twitter.com/search?q=%23LOUDEp2,%23LOUDEp2,,2021-06-12 12:14:38.144467,Brazil
#EDeCasa,http://twitter.com/search?q=%23EDeCasa,%23EDeCasa,,2021-06-12 12:14:38.144467,Brazil
#BolsonaroReeleito,http://twitter.com/search?q=%23BolsonaroReeleito,%23BolsonaroReeleito,20123.0,2021-06-12 12:14:38.144467,Brazil
#June12thProtest,http://twitter.com/search?q=%23June12thProtest,%23June12thProtest,2252651.0,2021-06-12 12:14:38.144467,Canada
#KeepitOn,http://twitter.com/search?q=%23KeepitOn,%23KeepitOn,1040614.0,2021-06-12 12:14:38.144467,Canada
#DemocracyDay,http://twitter.com/search?q=%23DemocracyDay,%23DemocracyDay,82174.0,2021-06-12 12:14:38.144467,Canada
#BuhariMustGo,http://twitter.com/search?q=%23BuhariMustGo,%23BuhariMustGo,145494.0,2021-06-12 12:14:38.144467,Canada
#SaturdayMorning,http://twitter.com/search?q=%23SaturdayMorning,%23SaturdayMorning,19088.0,2021-06-12 12:14:38.144467,Canada
#MarcheDesLibertes,http://twitter.com/search?q=%23MarcheDesLibertes,%23MarcheDesLibertes,15228.0,2021-06-12 12:14:38.144467,France
#June12thProtest,http://twitter.com/search?q=%23June12thProtest,%23June12thProtest,2307621.0,2021-06-12 12:14:38.144467,France
#BetclicRégale,http://twitter.com/search?q=%23BetclicR%C3%A9gale,%23BetclicR%C3%A9gale,,2021-06-12 12:14:38.144467,France
#KeepitOn,http://twitter.com/search?q=%23KeepitOn,%23KeepitOn,1040614.0,2021-06-12 12:14:38.144467,France
#MHAsurADN,http://twitter.com/search?q=%23MHAsurADN,%23MHAsurADN,,2021-06-12 12:14:38.144467,France
#EndBadGoveranceInNigeria,http://twitter.com/search?q=%23EndBadGoveranceInNigeria,%23EndBadGoveranceInNigeria,53118.0,2021-06-12 12:14:38.144467,France
#DemocracyDay,http://twitter.com/search?q=%23DemocracyDay,%23DemocracyDay,82174.0,2021-06-12 12:14:38.144467,France
#BuhariMustGo,http://twitter.com/search?q=%23BuhariMustGo,%23BuhariMustGo,145494.0,2021-06-12 12:14:38.144467,France
#Peronne,http://twitter.com/search?q=%23Peronne,%23Peronne,,2021-06-12 12:14:38.144467,France
#lartestpartoutmw,http://twitter.com/search?q=%23lartestpartoutmw,%23lartestpartoutmw,,2021-06-12 12:14:38.144467,France
#12juin,http://twitter.com/search?q=%2312juin,%2312juin,,2021-06-12 12:14:38.144467,France
#UbiForward,http://twitter.com/search?q=%23UbiForward,%23UbiForward,,2021-06-12 12:14:38.144467,France
#ProjetX,http://twitter.com/search?q=%23ProjetX,%23ProjetX,,2021-06-12 12:14:38.144467,France
#ManifDansUnTitre,http://twitter.com/search?q=%23ManifDansUnTitre,%23ManifDansUnTitre,,2021-06-12 12:14:38.144467,France
#LibertéRuralité,http://twitter.com/search?q=%23Libert%C3%A9Ruralit%C3%A9,%23Libert%C3%A9Ruralit%C3%A9,,2021-06-12 12:14:38.144467,France
#FreebetPMU,http://twitter.com/search?q=%23FreebetPMU,%23FreebetPMU,,2021-06-12 12:14:38.144467,France
#MaillotParionsSport,http://twitter.com/search?q=%23MaillotParionsSport,%23MaillotParionsSport,,2021-06-12 12:14:38.144467,France
#EndSARS,http://twitter.com/search?q=%23EndSARS,%23EndSARS,125543.0,2021-06-12 12:14:38.144467,France
#CouvreFeu23h,http://twitter.com/search?q=%23CouvreFeu23h,%23CouvreFeu23h,,2021-06-12 12:14:38.144467,France
#June12thProtest,http://twitter.com/search?q=%23June12thProtest,%23June12thProtest,2291511.0,2021-06-12 12:14:38.144467,Germany
#KeepitOn,http://twitter.com/search?q=%23KeepitOn,%23KeepitOn,1039360.0,2021-06-12 12:14:38.144467,Germany
#Tempolimit,http://twitter.com/search?q=%23Tempolimit,%23Tempolimit,,2021-06-12 12:14:38.144467,Germany
#EpidemischeLuege,http://twitter.com/search?q=%23EpidemischeLuege,%23EpidemischeLuege,,2021-06-12 12:14:38.144467,Germany
#WALSUI,http://twitter.com/search?q=%23WALSUI,%23WALSUI,,2021-06-12 12:14:38.144467,Germany
#BoycottKareenaKhan,http://twitter.com/search?q=%23BoycottKareenaKhan,%23BoycottKareenaKhan,172032.0,2021-06-12 12:14:38.144467,India
#ZimmedarKaun,http://twitter.com/search?q=%23ZimmedarKaun,%23ZimmedarKaun,78887.0,2021-06-12 12:14:38.144467,India
#Facebook_Targets_HJS,http://twitter.com/search?q=%23Facebook_Targets_HJS,%23Facebook_Targets_HJS,40034.0,2021-06-12 12:14:38.144467,India
#getwetwithPoonamPandey,http://twitter.com/search?q=%23getwetwithPoonamPandey,%23getwetwithPoonamPandey,,2021-06-12 12:14:38.144467,India
#AreYouComfortable,http://twitter.com/search?q=%23AreYouComfortable,%23AreYouComfortable,,2021-06-12 12:14:38.144467,India
#Justice_For_Covid_Prisoners,http://twitter.com/search?q=%23Justice_For_Covid_Prisoners,%23Justice_For_Covid_Prisoners,34264.0,2021-06-12 12:14:38.144467,India
#PurifyeCommerce,http://twitter.com/search?q=%23PurifyeCommerce,%23PurifyeCommerce,,2021-06-12 12:14:38.144467,India
#हिंदुआ_सूरज_महाराणा_प्रताप,http://twitter.com/search?q=%23%E0%A4%B9%E0%A4%BF%E0%A4%82%E0%A4%A6%E0%A5%81%E0%A4%86_%E0%A4%B8%E0%A5%82%E0%A4%B0%E0%A4%9C_%E0%A4%AE%E0%A4%B9%E0%A4%BE%E0%A4%B0%E0%A4%BE%E0%A4%A3%E0%A4%BE_%E0%A4%AA%E0%A5%8D%E0%A4%B0%E0%A4%A4%E0%A4%BE%E0%A4%AA,%23%E0%A4%B9%E0%A4%BF%E0%A4%82%E0%A4%A6%E0%A5%81%E0%A4%86_%E0%A4%B8%E0%A5%82%E0%A4%B0%E0%A4%9C_%E0%A4%AE%E0%A4%B9%E0%A4%BE%E0%A4%B0%E0%A4%BE%E0%A4%A3%E0%A4%BE_%E0%A4%AA%E0%A5%8D%E0%A4%B0%E0%A4%A4%E0%A4%BE%E0%A4%AA,15020.0,2021-06-12 12:14:38.144467,India
#Article370,http://twitter.com/search?q=%23Article370,%23Article370,12243.0,2021-06-12 12:14:38.144467,India
#प्रताप_गौरव_केंद्र,http://twitter.com/search?q=%23%E0%A4%AA%E0%A5%8D%E0%A4%B0%E0%A4%A4%E0%A4%BE%E0%A4%AA_%E0%A4%97%E0%A5%8C%E0%A4%B0%E0%A4%B5_%E0%A4%95%E0%A5%87%E0%A4%82%E0%A4%A6%E0%A5%8D%E0%A4%B0,%23%E0%A4%AA%E0%A5%8D%E0%A4%B0%E0%A4%A4%E0%A4%BE%E0%A4%AA_%E0%A4%97%E0%A5%8C%E0%A4%B0%E0%A4%B5_%E0%A4%95%E0%A5%87%E0%A4%82%E0%A4%A6%E0%A5%8D%E0%A4%B0,15944.0,2021-06-12 12:14:38.144467,India
#PlusConversations,http://twitter.com/search?q=%23PlusConversations,%23PlusConversations,,2021-06-12 12:14:38.144467,India
#HBDGvPrakash,http://twitter.com/search?q=%23HBDGvPrakash,%23HBDGvPrakash,,2021-06-12 12:14:38.144467,India
#WorldDayAgainstChildLabour,http://twitter.com/search?q=%23WorldDayAgainstChildLabour,%23WorldDayAgainstChildLabour,61178.0,2021-06-12 12:14:38.144467,India
#GSTCouncil,http://twitter.com/search?q=%23GSTCouncil,%23GSTCouncil,,2021-06-12 12:14:38.144467,India
#digvijaysingh,http://twitter.com/search?q=%23digvijaysingh,%23digvijaysingh,,2021-06-12 12:14:38.144467,India
#MPThanksPMModi,http://twitter.com/search?q=%23MPThanksPMModi,%23MPThanksPMModi,11941.0,2021-06-12 12:14:38.144467,India
#தலைவருக்காக,http://twitter.com/search?q=%23%E0%AE%A4%E0%AE%B2%E0%AF%88%E0%AE%B5%E0%AE%B0%E0%AF%81%E0%AE%95%E0%AF%8D%E0%AE%95%E0%AE%BE%E0%AE%95,%23%E0%AE%A4%E0%AE%B2%E0%AF%88%E0%AE%B5%E0%AE%B0%E0%AF%81%E0%AE%95%E0%AF%8D%E0%AE%95%E0%AE%BE%E0%AE%95,43838.0,2021-06-12 12:14:38.144467,India
#12giugno,http://twitter.com/search?q=%2312giugno,%2312giugno,,2021-06-12 12:14:38.144467,Italy
#Figliuolograzie,http://twitter.com/search?q=%23Figliuolograzie,%23Figliuolograzie,,2021-06-12 12:14:38.144467,Italy
#huskyxaka,http://twitter.com/search?q=%23huskyxaka,%23huskyxaka,,2021-06-12 12:14:38.144467,Italy
#seguiakasuspotify,http://twitter.com/search?q=%23seguiakasuspotify,%23seguiakasuspotify,,2021-06-12 12:14:38.144467,Italy
#ArteOvunqueMW,http://twitter.com/search?q=%23ArteOvunqueMW,%23ArteOvunqueMW,,2021-06-12 12:14:38.144467,Italy
#June12thProtest,http://twitter.com/search?q=%23June12thProtest,%23June12thProtest,2291511.0,2021-06-12 12:14:38.144467,Ukraine
#KeepitOn,http://twitter.com/search?q=%23KeepitOn,%23KeepitOn,1039360.0,2021-06-12 12:14:38.144467,Ukraine
#nudesِ,http://twitter.com/search?q=%23nudes%D9%90,%23nudes%D9%90,10337.0,2021-06-12 12:14:38.144467,Ukraine
#Ukraine,http://twitter.com/search?q=%23Ukraine,%23Ukraine,,2021-06-12 12:14:38.144467,Ukraine
#Animajor,http://twitter.com/search?q=%23Animajor,%23Animajor,,2021-06-12 12:14:38.144467,Ukraine
#NFTCommunity,http://twitter.com/search?q=%23NFTCommunity,%23NFTCommunity,41799.0,2021-06-12 12:14:38.144467,Ukraine
#NFTs,http://twitter.com/search?q=%23NFTs,%23NFTs,57021.0,2021-06-12 12:14:38.144467,Ukraine
#FelizSábado,http://twitter.com/search?q=%23FelizS%C3%A1bado,%23FelizS%C3%A1bado,,2021-06-12 12:14:38.144467,Mexico
#Megafraude,http://twitter.com/search?q=%23Megafraude,%23Megafraude,,2021-06-12 12:14:38.144467,Mexico
#ClaseMedia,http://twitter.com/search?q=%23ClaseMedia,%23ClaseMedia,,2021-06-12 12:14:38.144467,Mexico
#몬스타엑스,http://twitter.com/search?q=%23%EB%AA%AC%EC%8A%A4%ED%83%80%EC%97%91%EC%8A%A4,%23%EB%AA%AC%EC%8A%A4%ED%83%80%EC%97%91%EC%8A%A4,105350.0,2021-06-12 12:14:38.144467,Mexico
#GraciasLopezGatell,http://twitter.com/search?q=%23GraciasLopezGatell,%23GraciasLopezGatell,25229.0,2021-06-12 12:14:38.144467,Mexico
#June12thProtest,http://twitter.com/search?q=%23June12thProtest,%23June12thProtest,2291511.0,2021-06-12 12:14:38.144467,United States
#KeepitOn,http://twitter.com/search?q=%23KeepitOn,%23KeepitOn,1041831.0,2021-06-12 12:14:38.144467,United States
#BuhariMustGo,http://twitter.com/search?q=%23BuhariMustGo,%23BuhariMustGo,145426.0,2021-06-12 12:14:38.144467,United States
#DemocracyDay,http://twitter.com/search?q=%23DemocracyDay,%23DemocracyDay,82278.0,2021-06-12 12:14:38.144467,United States
#EndBadGoveranceInNigeria,http://twitter.com/search?q=%23EndBadGoveranceInNigeria,%23EndBadGoveranceInNigeria,53222.0,2021-06-12 12:14:38.144467,United States
#AFLGiantsBlues,http://twitter.com/search?q=%23AFLGiantsBlues,%23AFLGiantsBlues,,2021-06-19 12:15:40.977780,Australia
#NRLStormTigers,http://twitter.com/search?q=%23NRLStormTigers,%23NRLStormTigers,,2021-06-19 12:15:40.977780,Australia
#SYDvADL,http://twitter.com/search?q=%23SYDvADL,%23SYDvADL,,2021-06-19 12:15:40.977780,Australia
#NRLDragonsRaiders,http://twitter.com/search?q=%23NRLDragonsRaiders,%23NRLDragonsRaiders,,2021-06-19 12:15:40.977780,Australia
#SydneyIsSkyBlue,http://twitter.com/search?q=%23SydneyIsSkyBlue,%23SydneyIsSkyBlue,,2021-06-19 12:15:40.977780,Australia
#WTC2021,http://twitter.com/search?q=%23WTC2021,%23WTC2021,16957.0,2021-06-19 12:15:40.977780,Australia
#DragRaceDownUnder,http://twitter.com/search?q=%23DragRaceDownUnder,%23DragRaceDownUnder,,2021-06-19 12:15:40.977780,Australia
#AFLNorthLions,http://twitter.com/search?q=%23AFLNorthLions,%23AFLNorthLions,,2021-06-19 12:15:40.977780,Australia
#WTCFinal2021,http://twitter.com/search?q=%23WTCFinal2021,%23WTCFinal2021,31386.0,2021-06-19 12:15:40.977780,Australia
#aleaguefinals,http://twitter.com/search?q=%23aleaguefinals,%23aleaguefinals,,2021-06-19 12:15:40.977780,Australia
#INDvNZ,http://twitter.com/search?q=%23INDvNZ,%23INDvNZ,35472.0,2021-06-19 12:15:40.977780,Australia
#BLUvHIG,http://twitter.com/search?q=%23BLUvHIG,%23BLUvHIG,,2021-06-19 12:15:40.977780,Australia
#redv,http://twitter.com/search?q=%23redv,%23redv,,2021-06-19 12:15:40.977780,Australia
#nrlknightswarriors,http://twitter.com/search?q=%23nrlknightswarriors,%23nrlknightswarriors,,2021-06-19 12:15:40.977780,Australia
#UpTheMilk,http://twitter.com/search?q=%23UpTheMilk,%23UpTheMilk,,2021-06-19 12:15:40.977780,Australia
#sQomo,http://twitter.com/search?q=%23sQomo,%23sQomo,,2021-06-19 12:15:40.977780,Australia
#NatSpill,http://twitter.com/search?q=%23NatSpill,%23NatSpill,,2021-06-19 12:15:40.977780,Australia
#19JForaBolsonaro,http://twitter.com/search?q=%2319JForaBolsonaro,%2319JForaBolsonaro,54618.0,2021-06-19 12:15:40.977780,Brazil
#19JPovoNasRuas,http://twitter.com/search?q=%2319JPovoNasRuas,%2319JPovoNasRuas,13636.0,2021-06-19 12:15:40.977780,Brazil
#RESPEITOPORMICHELLE,http://twitter.com/search?q=%23RESPEITOPORMICHELLE,%23RESPEITOPORMICHELLE,,2021-06-19 12:15:40.977780,Brazil
#MotoGPFoxSports,http://twitter.com/search?q=%23MotoGPFoxSports,%23MotoGPFoxSports,,2021-06-19 12:15:40.977780,Brazil
#EDeCasa,http://twitter.com/search?q=%23EDeCasa,%23EDeCasa,,2021-06-19 12:15:40.977780,Brazil
#F1noBandSports,http://twitter.com/search?q=%23F1noBandSports,%23F1noBandSports,,2021-06-19 12:15:40.977780,Brazil
#19JunhoPovoNasRuas,http://twitter.com/search?q=%2319JunhoPovoNasRuas,%2319JunhoPovoNasRuas,,2021-06-19 12:15:40.977780,Brazil
#SabadoDetremuraSDV,http://twitter.com/search?q=%23SabadoDetremuraSDV,%23SabadoDetremuraSDV,,2021-06-19 12:15:40.977780,Brazil
#goLOUD,http://twitter.com/search?q=%23goLOUD,%23goLOUD,26229.0,2021-06-19 12:15:40.977780,Brazil
#GOpaiN,http://twitter.com/search?q=%23GOpaiN,%23GOpaiN,17736.0,2021-06-19 12:15:40.977780,Brazil
#DiaDeVasco,http://twitter.com/search?q=%23DiaDeVasco,%23DiaDeVasco,,2021-06-19 12:15:40.977780,Brazil
#FrenchGP,http://twitter.com/search?q=%23FrenchGP,%23FrenchGP,37575.0,2021-06-19 12:15:40.977780,Brazil
#7YearsWithMamamoo,http://twitter.com/search?q=%237YearsWithMamamoo,%237YearsWithMamamoo,141565.0,2021-06-19 12:15:40.977780,Brazil
#HOSEOK,http://twitter.com/search?q=%23HOSEOK,%23HOSEOK,70468.0,2021-06-19 12:15:40.977780,Brazil
#방탄소년단,http://twitter.com/search?q=%23%EB%B0%A9%ED%83%84%EC%86%8C%EB%85%84%EB%8B%A8,%23%EB%B0%A9%ED%83%84%EC%86%8C%EB%85%84%EB%8B%A8,312030.0,2021-06-19 12:15:40.977780,Brazil
#JHOPE,http://twitter.com/search?q=%23JHOPE,%23JHOPE,133512.0,2021-06-19 12:15:40.977780,Brazil
#sterellavive,http://twitter.com/search?q=%23sterellavive,%23sterellavive,,2021-06-19 12:15:40.977780,Brazil
#MemoriaLGBTQ,http://twitter.com/search?q=%23MemoriaLGBTQ,%23MemoriaLGBTQ,13191.0,2021-06-19 12:15:40.977780,Brazil
#ClipperNation,http://twitter.com/search?q=%23ClipperNation,%23ClipperNation,17355.0,2021-06-19 12:15:40.977780,Brazil
#Caturday,http://twitter.com/search?q=%23Caturday,%23Caturday,,2021-06-19 12:15:40.977780,Canada
#WTCFinal,http://twitter.com/search?q=%23WTCFinal,%23WTCFinal,33467.0,2021-06-19 12:15:40.977780,Canada
#SaturdayVibes,http://twitter.com/search?q=%23SaturdayVibes,%23SaturdayVibes,,2021-06-19 12:15:40.977780,Canada
#IStandWithTrudeau,http://twitter.com/search?q=%23IStandWithTrudeau,%23IStandWithTrudeau,,2021-06-19 12:15:40.977780,Canada
#SaturdayMorning,http://twitter.com/search?q=%23SaturdayMorning,%23SaturdayMorning,13757.0,2021-06-19 12:15:40.977780,Canada
#HONFRA,http://twitter.com/search?q=%23HONFRA,%23HONFRA,,2021-06-19 12:15:40.977780,France
#DimancheJeNeVotePasRN,http://twitter.com/search?q=%23DimancheJeNeVotePasRN,%23DimancheJeNeVotePasRN,,2021-06-19 12:15:40.977780,France
#Redon,http://twitter.com/search?q=%23Redon,%23Redon,13633.0,2021-06-19 12:15:40.977780,France
#FreebetParionsSport,http://twitter.com/search?q=%23FreebetParionsSport,%23FreebetParionsSport,,2021-06-19 12:15:40.977780,France
#FRAHON,http://twitter.com/search?q=%23FRAHON,%23FRAHON,,2021-06-19 12:15:40.977780,France
#FreebetUnibet,http://twitter.com/search?q=%23FreebetUnibet,%23FreebetUnibet,,2021-06-19 12:15:40.977780,France
#TheLastofUsPartII,http://twitter.com/search?q=%23TheLastofUsPartII,%23TheLastofUsPartII,13875.0,2021-06-19 12:15:40.977780,France
#FreebetPMU,http://twitter.com/search?q=%23FreebetPMU,%23FreebetPMU,,2021-06-19 12:15:40.977780,France
#raveparty,http://twitter.com/search?q=%23raveparty,%23raveparty,,2021-06-19 12:15:40.977780,France
#SoutenonsEpsiloon,http://twitter.com/search?q=%23SoutenonsEpsiloon,%23SoutenonsEpsiloon,,2021-06-19 12:15:40.977780,France
#FrenchGP,http://twitter.com/search?q=%23FrenchGP,%23FrenchGP,37575.0,2021-06-19 12:15:40.977780,France
#AvecNosBlessés,http://twitter.com/search?q=%23AvecNosBless%C3%A9s,%23AvecNosBless%C3%A9s,,2021-06-19 12:15:40.977780,France
#VALOTF,http://twitter.com/search?q=%23VALOTF,%23VALOTF,,2021-06-19 12:15:40.977780,France
#Freeparty,http://twitter.com/search?q=%23Freeparty,%23Freeparty,,2021-06-19 12:15:40.977780,France
#SteveMaiaCanico,http://twitter.com/search?q=%23SteveMaiaCanico,%23SteveMaiaCanico,,2021-06-19 12:15:40.977780,France
#Coluche,http://twitter.com/search?q=%23Coluche,%23Coluche,,2021-06-19 12:15:40.977780,France
#LINKEBPT,http://twitter.com/search?q=%23LINKEBPT,%23LINKEBPT,,2021-06-19 12:15:40.977780,Germany
#langstreckenluisa,http://twitter.com/search?q=%23langstreckenluisa,%23langstreckenluisa,,2021-06-19 12:15:40.977780,Germany
#PORGER,http://twitter.com/search?q=%23PORGER,%23PORGER,,2021-06-19 12:15:40.977780,Germany
#GERPOR,http://twitter.com/search?q=%23GERPOR,%23GERPOR,,2021-06-19 12:15:40.977780,Germany
#TSVFC05,http://twitter.com/search?q=%23TSVFC05,%23TSVFC05,,2021-06-19 12:15:40.977780,Germany
#WTC2021,http://twitter.com/search?q=%23WTC2021,%23WTC2021,16957.0,2021-06-19 12:15:40.977780,India
#IndiaVsNewZealand,http://twitter.com/search?q=%23IndiaVsNewZealand,%23IndiaVsNewZealand,,2021-06-19 12:15:40.977780,India
#WTCFinal2021,http://twitter.com/search?q=%23WTCFinal2021,%23WTCFinal2021,31386.0,2021-06-19 12:15:40.977780,India
#BhubaneswarBestCity,http://twitter.com/search?q=%23BhubaneswarBestCity,%23BhubaneswarBestCity,,2021-06-19 12:15:40.977780,India
#INDvNZ,http://twitter.com/search?q=%23INDvNZ,%23INDvNZ,35472.0,2021-06-19 12:15:40.977780,India
#நமது_கல்வி_உரிமை,http://twitter.com/search?q=%23%E0%AE%A8%E0%AE%AE%E0%AE%A4%E0%AF%81_%E0%AE%95%E0%AE%B2%E0%AF%8D%E0%AE%B5%E0%AE%BF_%E0%AE%89%E0%AE%B0%E0%AE%BF%E0%AE%AE%E0%AF%88,%23%E0%AE%A8%E0%AE%AE%E0%AE%A4%E0%AF%81_%E0%AE%95%E0%AE%B2%E0%AF%8D%E0%AE%B5%E0%AE%BF_%E0%AE%89%E0%AE%B0%E0%AE%BF%E0%AE%AE%E0%AF%88,27503.0,2021-06-19 12:15:40.977780,India
#CommunalNewsChannels,http://twitter.com/search?q=%23CommunalNewsChannels,%23CommunalNewsChannels,19167.0,2021-06-19 12:15:40.977780,India
#WTC21,http://twitter.com/search?q=%23WTC21,%23WTC21,39145.0,2021-06-19 12:15:40.977780,India
#BehanJiOurPride,http://twitter.com/search?q=%23BehanJiOurPride,%23BehanJiOurPride,13815.0,2021-06-19 12:15:40.977780,India
#MilkhaSinghRIP,http://twitter.com/search?q=%23MilkhaSinghRIP,%23MilkhaSinghRIP,11388.0,2021-06-19 12:15:40.977780,India
#विप्र_कल्याण_बोर्ड_गठन_करो,http://twitter.com/search?q=%23%E0%A4%B5%E0%A4%BF%E0%A4%AA%E0%A5%8D%E0%A4%B0_%E0%A4%95%E0%A4%B2%E0%A5%8D%E0%A4%AF%E0%A4%BE%E0%A4%A3_%E0%A4%AC%E0%A5%8B%E0%A4%B0%E0%A5%8D%E0%A4%A1_%E0%A4%97%E0%A4%A0%E0%A4%A8_%E0%A4%95%E0%A4%B0%E0%A5%8B,%23%E0%A4%B5%E0%A4%BF%E0%A4%AA%E0%A5%8D%E0%A4%B0_%E0%A4%95%E0%A4%B2%E0%A5%8D%E0%A4%AF%E0%A4%BE%E0%A4%A3_%E0%A4%AC%E0%A5%8B%E0%A4%B0%E0%A5%8D%E0%A4%A1_%E0%A4%97%E0%A4%A0%E0%A4%A8_%E0%A4%95%E0%A4%B0%E0%A5%8B,27926.0,2021-06-19 12:15:40.977780,India
#HappyBirthdayRahulGandhi,http://twitter.com/search?q=%23HappyBirthdayRahulGandhi,%23HappyBirthdayRahulGandhi,158413.0,2021-06-19 12:15:40.977780,India
#FlyingSikh,http://twitter.com/search?q=%23FlyingSikh,%23FlyingSikh,40288.0,2021-06-19 12:15:40.977780,India
#PappuDiwas,http://twitter.com/search?q=%23PappuDiwas,%23PappuDiwas,,2021-06-19 12:15:40.977780,India
#हिंदू_कोई_धर्म_नही,http://twitter.com/search?q=%23%E0%A4%B9%E0%A4%BF%E0%A4%82%E0%A4%A6%E0%A5%82_%E0%A4%95%E0%A5%8B%E0%A4%88_%E0%A4%A7%E0%A4%B0%E0%A5%8D%E0%A4%AE_%E0%A4%A8%E0%A4%B9%E0%A5%80,%23%E0%A4%B9%E0%A4%BF%E0%A4%82%E0%A4%A6%E0%A5%82_%E0%A4%95%E0%A5%8B%E0%A4%88_%E0%A4%A7%E0%A4%B0%E0%A5%8D%E0%A4%AE_%E0%A4%A8%E0%A4%B9%E0%A5%80,,2021-06-19 12:15:40.977780,India
#FansDemandAshDeepWithSSP,http://twitter.com/search?q=%23FansDemandAshDeepWithSSP,%23FansDemandAshDeepWithSSP,,2021-06-19 12:15:40.977780,India
#योगी_जीवनदान_है,http://twitter.com/search?q=%23%E0%A4%AF%E0%A5%8B%E0%A4%97%E0%A5%80_%E0%A4%9C%E0%A5%80%E0%A4%B5%E0%A4%A8%E0%A4%A6%E0%A4%BE%E0%A4%A8_%E0%A4%B9%E0%A5%88,%23%E0%A4%AF%E0%A5%8B%E0%A4%97%E0%A5%80_%E0%A4%9C%E0%A5%80%E0%A4%B5%E0%A4%A8%E0%A4%A6%E0%A4%BE%E0%A4%A8_%E0%A4%B9%E0%A5%88,39589.0,2021-06-19 12:15:40.977780,India
#JenniferWinget,http://twitter.com/search?q=%23JenniferWinget,%23JenniferWinget,,2021-06-19 12:15:40.977780,India
#ICCWTCFinal,http://twitter.com/search?q=%23ICCWTCFinal,%23ICCWTCFinal,,2021-06-19 12:15:40.977780,India
#DittaturaSanitaria,http://twitter.com/search?q=%23DittaturaSanitaria,%23DittaturaSanitaria,,2021-06-19 12:15:40.977780,Italy
#19giugno,http://twitter.com/search?q=%2319giugno,%2319giugno,,2021-06-19 12:15:40.977780,Italy
#twittamibeautiful,http://twitter.com/search?q=%23twittamibeautiful,%23twittamibeautiful,,2021-06-19 12:15:40.977780,Italy
#primalitalia,http://twitter.com/search?q=%23primalitalia,%23primalitalia,,2021-06-19 12:15:40.977780,Italy
#HarryStyles,http://twitter.com/search?q=%23HarryStyles,%23HarryStyles,,2021-06-19 12:15:40.977780,Italy
#analِ,http://twitter.com/search?q=%23anal%D9%90,%23anal%D9%90,10191.0,2021-06-19 12:15:40.977780,Ukraine
#Healing,http://twitter.com/search?q=%23Healing,%23Healing,,2021-06-19 12:15:40.977780,Ukraine
#dildoِ,http://twitter.com/search?q=%23dildo%D9%90,%23dildo%D9%90,,2021-06-19 12:15:40.977780,Ukraine
#Russia,http://twitter.com/search?q=%23Russia,%23Russia,,2021-06-19 12:15:40.977780,Ukraine
#nsfwِ,http://twitter.com/search?q=%23nsfw%D9%90,%23nsfw%D9%90,53493.0,2021-06-19 12:15:40.977780,Ukraine
#PremiosMTVMIAW,http://twitter.com/search?q=%23PremiosMTVMIAW,%23PremiosMTVMIAW,1371945.0,2021-06-19 12:15:40.977780,Ukraine
#kidneystones,http://twitter.com/search?q=%23kidneystones,%23kidneystones,,2021-06-19 12:15:40.977780,Ukraine
#NFTCommunity,http://twitter.com/search?q=%23NFTCommunity,%23NFTCommunity,44504.0,2021-06-19 12:15:40.977780,Ukraine
#FelizSabado,http://twitter.com/search?q=%23FelizSabado,%23FelizSabado,,2021-06-19 12:15:40.977780,Mexico
#LaysMaxCheesyCheeseXBright,http://twitter.com/search?q=%23LaysMaxCheesyCheeseXBright,%23LaysMaxCheesyCheeseXBright,229780.0,2021-06-19 12:15:40.977780,Mexico
#Butter10thWin,http://twitter.com/search?q=%23Butter10thWin,%23Butter10thWin,164927.0,2021-06-19 12:15:40.977780,Mexico
#FrenchGP,http://twitter.com/search?q=%23FrenchGP,%23FrenchGP,37575.0,2021-06-19 12:15:40.977780,Mexico
#宮脇咲良卒業コンサート,http://twitter.com/search?q=%23%E5%AE%AE%E8%84%87%E5%92%B2%E8%89%AF%E5%8D%92%E6%A5%AD%E3%82%B3%E3%83%B3%E3%82%B5%E3%83%BC%E3%83%88,%23%E5%AE%AE%E8%84%87%E5%92%B2%E8%89%AF%E5%8D%92%E6%A5%AD%E3%82%B3%E3%83%B3%E3%82%B5%E3%83%BC%E3%83%88,176239.0,2021-06-19 12:15:40.977780,Mexico
#SaturdayMorning,http://twitter.com/search?q=%23SaturdayMorning,%23SaturdayMorning,13776.0,2021-06-19 12:15:40.977780,United States
#Juneteenth,http://twitter.com/search?q=%23Juneteenth,%23Juneteenth,95429.0,2021-06-19 12:15:40.977780,United States
#SaturdayMotivation,http://twitter.com/search?q=%23SaturdayMotivation,%23SaturdayMotivation,13497.0,2021-06-19 12:15:40.977780,United States
#Claudette,http://twitter.com/search?q=%23Claudette,%23Claudette,,2021-06-19 12:15:40.977780,United States
#June19Coup,http://twitter.com/search?q=%23June19Coup,%23June19Coup,820845.0,2021-06-19 12:15:40.977780,United States
#SaturdayThoughts,http://twitter.com/search?q=%23SaturdayThoughts,%23SaturdayThoughts,,2021-06-19 12:15:40.977780,United States
#WelcomeBackDan,http://twitter.com/search?q=%23WelcomeBackDan,%23WelcomeBackDan,,2021-06-28 04:06:02.344622,Australia
#ThanksJamesMerlino,http://twitter.com/search?q=%23ThanksJamesMerlino,%23ThanksJamesMerlino,,2021-06-28 04:06:02.344622,Australia
#DanDay,http://twitter.com/search?q=%23DanDay,%23DanDay,,2021-06-28 04:06:02.344622,Australia
#COVID19Aus,http://twitter.com/search?q=%23COVID19Aus,%23COVID19Aus,,2021-06-28 04:06:02.344622,Australia
#ThisIsNotJournalism,http://twitter.com/search?q=%23ThisIsNotJournalism,%23ThisIsNotJournalism,,2021-06-28 04:06:02.344622,Australia
#RenanSabiaDeTudo,http://twitter.com/search?q=%23RenanSabiaDeTudo,%23RenanSabiaDeTudo,98577.0,2021-06-28 04:06:02.344622,Brazil
#animeselcaday,http://twitter.com/search?q=%23animeselcaday,%23animeselcaday,114270.0,2021-06-28 04:06:02.344622,Brazil
#BETAwards,http://twitter.com/search?q=%23BETAwards,%23BETAwards,389208.0,2021-06-28 04:06:02.344622,Brazil
#NBAnoGAULES,http://twitter.com/search?q=%23NBAnoGAULES,%23NBAnoGAULES,,2021-06-28 04:06:02.344622,Brazil
#animetwt,http://twitter.com/search?q=%23animetwt,%23animetwt,62071.0,2021-06-28 04:06:02.344622,Brazil
#BETAwards,http://twitter.com/search?q=%23BETAwards,%23BETAwards,389208.0,2021-06-28 04:06:02.344622,Canada
#heatwavebc,http://twitter.com/search?q=%23heatwavebc,%23heatwavebc,,2021-06-28 04:06:02.344622,Canada
#90DayFiance,http://twitter.com/search?q=%2390DayFiance,%2390DayFiance,,2021-06-28 04:06:02.344622,Canada
#TorontoVaccineDay,http://twitter.com/search?q=%23TorontoVaccineDay,%23TorontoVaccineDay,,2021-06-28 04:06:02.344622,Canada
#MILvsATL,http://twitter.com/search?q=%23MILvsATL,%23MILvsATL,,2021-06-28 04:06:02.344622,Canada
#BELPOR,http://twitter.com/search?q=%23BELPOR,%23BELPOR,150279.0,2021-06-28 04:06:02.344622,France
#BETAwards,http://twitter.com/search?q=%23BETAwards,%23BETAwards,388834.0,2021-06-28 04:06:02.344622,France
#GreveGenerale,http://twitter.com/search?q=%23GreveGenerale,%23GreveGenerale,,2021-06-28 04:06:02.344622,France
#nbaextra,http://twitter.com/search?q=%23nbaextra,%23nbaextra,,2021-06-28 04:06:02.344622,France
#seum,http://twitter.com/search?q=%23seum,%23seum,,2021-06-28 04:06:02.344622,France
#BETAwards,http://twitter.com/search?q=%23BETAwards,%23BETAwards,389208.0,2021-06-28 04:06:02.344622,Germany
#MeinTwitterJubiläum,http://twitter.com/search?q=%23MeinTwitterJubil%C3%A4um,%23MeinTwitterJubil%C3%A4um,,2021-06-28 04:06:02.344622,Germany
#kameraday,http://twitter.com/search?q=%23kameraday,%23kameraday,11416.0,2021-06-28 04:06:02.344622,Germany
#Femizid,http://twitter.com/search?q=%23Femizid,%23Femizid,,2021-06-28 04:06:02.344622,Germany
#MondayMotivation,http://twitter.com/search?q=%23MondayMotivation,%23MondayMotivation,26912.0,2021-06-28 04:06:02.344622,India
#किसान_मजदूर_भाईचारा_जीतेगा,http://twitter.com/search?q=%23%E0%A4%95%E0%A4%BF%E0%A4%B8%E0%A4%BE%E0%A4%A8_%E0%A4%AE%E0%A4%9C%E0%A4%A6%E0%A5%82%E0%A4%B0_%E0%A4%AD%E0%A4%BE%E0%A4%88%E0%A4%9A%E0%A4%BE%E0%A4%B0%E0%A4%BE_%E0%A4%9C%E0%A5%80%E0%A4%A4%E0%A5%87%E0%A4%97%E0%A4%BE,%23%E0%A4%95%E0%A4%BF%E0%A4%B8%E0%A4%BE%E0%A4%A8_%E0%A4%AE%E0%A4%9C%E0%A4%A6%E0%A5%82%E0%A4%B0_%E0%A4%AD%E0%A4%BE%E0%A4%88%E0%A4%9A%E0%A4%BE%E0%A4%B0%E0%A4%BE_%E0%A4%9C%E0%A5%80%E0%A4%A4%E0%A5%87%E0%A4%97%E0%A4%BE,56794.0,2021-06-28 04:06:02.344622,India
#MondayMorning,http://twitter.com/search?q=%23MondayMorning,%23MondayMorning,,2021-06-28 04:06:02.344622,India
#mondaythoughts,http://twitter.com/search?q=%23mondaythoughts,%23mondaythoughts,,2021-06-28 04:06:02.344622,India
#PVNarasimhaRao,http://twitter.com/search?q=%23PVNarasimhaRao,%23PVNarasimhaRao,,2021-06-28 04:06:02.344622,India
#HappyBirthdayElonMusk,http://twitter.com/search?q=%23HappyBirthdayElonMusk,%23HappyBirthdayElonMusk,,2021-06-28 04:06:02.344622,India
#Pulwama,http://twitter.com/search?q=%23Pulwama,%23Pulwama,,2021-06-28 04:06:02.344622,India
#Conduct_IRMS,http://twitter.com/search?q=%23Conduct_IRMS,%23Conduct_IRMS,33485.0,2021-06-28 04:06:02.344622,India
#MondayVibes,http://twitter.com/search?q=%23MondayVibes,%23MondayVibes,,2021-06-28 04:06:02.344622,India
#मेवात_मांगे_रेल_सुविधा,http://twitter.com/search?q=%23%E0%A4%AE%E0%A5%87%E0%A4%B5%E0%A4%BE%E0%A4%A4_%E0%A4%AE%E0%A4%BE%E0%A4%82%E0%A4%97%E0%A5%87_%E0%A4%B0%E0%A5%87%E0%A4%B2_%E0%A4%B8%E0%A5%81%E0%A4%B5%E0%A4%BF%E0%A4%A7%E0%A4%BE,%23%E0%A4%AE%E0%A5%87%E0%A4%B5%E0%A4%BE%E0%A4%A4_%E0%A4%AE%E0%A4%BE%E0%A4%82%E0%A4%97%E0%A5%87_%E0%A4%B0%E0%A5%87%E0%A4%B2_%E0%A4%B8%E0%A5%81%E0%A4%B5%E0%A4%BF%E0%A4%A7%E0%A4%BE,12709.0,2021-06-28 04:06:02.344622,India
#वेटिंग_लिस्ट_RP_भर्ती_18,http://twitter.com/search?q=%23%E0%A4%B5%E0%A5%87%E0%A4%9F%E0%A4%BF%E0%A4%82%E0%A4%97_%E0%A4%B2%E0%A4%BF%E0%A4%B8%E0%A5%8D%E0%A4%9F_RP_%E0%A4%AD%E0%A4%B0%E0%A5%8D%E0%A4%A4%E0%A5%80_18,%23%E0%A4%B5%E0%A5%87%E0%A4%9F%E0%A4%BF%E0%A4%82%E0%A4%97_%E0%A4%B2%E0%A4%BF%E0%A4%B8%E0%A5%8D%E0%A4%9F_RP_%E0%A4%AD%E0%A4%B0%E0%A5%8D%E0%A4%A4%E0%A5%80_18,17221.0,2021-06-28 04:06:02.344622,India
#DeepikaKumari,http://twitter.com/search?q=%23DeepikaKumari,%23DeepikaKumari,,2021-06-28 04:06:02.344622,India
#DogeFather,http://twitter.com/search?q=%23DogeFather,%23DogeFather,,2021-06-28 04:06:02.344622,India
#chennairains,http://twitter.com/search?q=%23chennairains,%23chennairains,,2021-06-28 04:06:02.344622,India
#StopHarassingLakhaSidhana,http://twitter.com/search?q=%23StopHarassingLakhaSidhana,%23StopHarassingLakhaSidhana,13135.0,2021-06-28 04:06:02.344622,India
#lovejihaad,http://twitter.com/search?q=%23lovejihaad,%23lovejihaad,,2021-06-28 04:06:02.344622,India
#GoodMorningEveryone,http://twitter.com/search?q=%23GoodMorningEveryone,%23GoodMorningEveryone,,2021-06-28 04:06:02.344622,India
#EURO2020,http://twitter.com/search?q=%23EURO2020,%23EURO2020,392167.0,2021-06-28 04:06:02.344622,India
#AIIMS,http://twitter.com/search?q=%23AIIMS,%23AIIMS,,2021-06-28 04:06:02.344622,India
#सेट_परीक्षा_का_आयोजन_करवाओ,http://twitter.com/search?q=%23%E0%A4%B8%E0%A5%87%E0%A4%9F_%E0%A4%AA%E0%A4%B0%E0%A5%80%E0%A4%95%E0%A5%8D%E0%A4%B7%E0%A4%BE_%E0%A4%95%E0%A4%BE_%E0%A4%86%E0%A4%AF%E0%A5%8B%E0%A4%9C%E0%A4%A8_%E0%A4%95%E0%A4%B0%E0%A4%B5%E0%A4%BE%E0%A4%93,%23%E0%A4%B8%E0%A5%87%E0%A4%9F_%E0%A4%AA%E0%A4%B0%E0%A5%80%E0%A4%95%E0%A5%8D%E0%A4%B7%E0%A4%BE_%E0%A4%95%E0%A4%BE_%E0%A4%86%E0%A4%AF%E0%A5%8B%E0%A4%9C%E0%A4%A8_%E0%A4%95%E0%A4%B0%E0%A4%B5%E0%A4%BE%E0%A4%93,10963.0,2021-06-28 04:06:02.344622,India
#ArcheryWorldCup,http://twitter.com/search?q=%23ArcheryWorldCup,%23ArcheryWorldCup,18945.0,2021-06-28 04:06:02.344622,India
#JusticeForIsmail,http://twitter.com/search?q=%23JusticeForIsmail,%23JusticeForIsmail,21119.0,2021-06-28 04:06:02.344622,India
#Portugal,http://twitter.com/search?q=%23Portugal,%23Portugal,11064.0,2021-06-28 04:06:02.344622,India
#BELPOR,http://twitter.com/search?q=%23BELPOR,%23BELPOR,150279.0,2021-06-28 04:06:02.344622,India
#BJPkaKhel100KaTel,http://twitter.com/search?q=%23BJPkaKhel100KaTel,%23BJPkaKhel100KaTel,24630.0,2021-06-28 04:06:02.344622,India
#battitilive,http://twitter.com/search?q=%23battitilive,%23battitilive,13717.0,2021-06-28 04:06:02.344622,Italy
#animeselcaday,http://twitter.com/search?q=%23animeselcaday,%23animeselcaday,114262.0,2021-06-28 04:06:02.344622,Italy
#28giugno,http://twitter.com/search?q=%2328giugno,%2328giugno,,2021-06-28 04:06:02.344622,Italy
#Tiziaparty,http://twitter.com/search?q=%23Tiziaparty,%23Tiziaparty,,2021-06-28 04:06:02.344622,Italy
#seScelgo,http://twitter.com/search?q=%23seScelgo,%23seScelgo,,2021-06-28 04:06:02.344622,Italy
#teenِ,http://twitter.com/search?q=%23teen%D9%90,%23teen%D9%90,,2021-06-28 04:06:02.344622,Ukraine
#cumtributeِ,http://twitter.com/search?q=%23cumtribute%D9%90,%23cumtribute%D9%90,,2021-06-28 04:06:02.344622,Ukraine
#GenshinImpact,http://twitter.com/search?q=%23GenshinImpact,%23GenshinImpact,136230.0,2021-06-28 04:06:02.344622,Ukraine
#nudesِ,http://twitter.com/search?q=%23nudes%D9%90,%23nudes%D9%90,11275.0,2021-06-28 04:06:02.344622,Ukraine
#DeltaBlues,http://twitter.com/search?q=%23DeltaBlues,%23DeltaBlues,,2021-06-28 04:06:02.344622,Ukraine
#SentenciadosSurvivor,http://twitter.com/search?q=%23SentenciadosSurvivor,%23SentenciadosSurvivor,25238.0,2021-06-28 04:06:02.344622,Mexico
#EstoyKongtento,http://twitter.com/search?q=%23EstoyKongtento,%23EstoyKongtento,,2021-06-28 04:06:02.344622,Mexico
#TeamamosAri,http://twitter.com/search?q=%23TeamamosAri,%23TeamamosAri,,2021-06-28 04:06:02.344622,Mexico
#btsdivine,http://twitter.com/search?q=%23btsdivine,%23btsdivine,11151.0,2021-06-28 04:06:02.344622,Mexico
#Vecinos,http://twitter.com/search?q=%23Vecinos,%23Vecinos,,2021-06-28 04:06:02.344622,Mexico
#FearTheDeer,http://twitter.com/search?q=%23FearTheDeer,%23FearTheDeer,,2021-06-28 04:06:02.344622,Mexico
#AstilleroChillon,http://twitter.com/search?q=%23AstilleroChillon,%23AstilleroChillon,,2021-06-28 04:06:02.344622,Mexico
#XboxGamePass,http://twitter.com/search?q=%23XboxGamePass,%23XboxGamePass,11294.0,2021-06-28 04:06:02.344622,Mexico
#5HvsLM,http://twitter.com/search?q=%235HvsLM,%235HvsLM,37777.0,2021-06-28 04:06:02.344622,Mexico
#AmloElFracasoPresidencial,http://twitter.com/search?q=%23AmloElFracasoPresidencial,%23AmloElFracasoPresidencial,,2021-06-28 04:06:02.344622,Mexico
#HuracanEnrique,http://twitter.com/search?q=%23HuracanEnrique,%23HuracanEnrique,,2021-06-28 04:06:02.344622,Mexico
#PremiosMVTMIAW,http://twitter.com/search?q=%23PremiosMVTMIAW,%23PremiosMVTMIAW,21526.0,2021-06-28 04:06:02.344622,Mexico
#JuicioAExPresidentesVa,http://twitter.com/search?q=%23JuicioAExPresidentesVa,%23JuicioAExPresidentesVa,,2021-06-28 04:06:02.344622,Mexico
#LosXVdeGabi,http://twitter.com/search?q=%23LosXVdeGabi,%23LosXVdeGabi,,2021-06-28 04:06:02.344622,Mexico
#Colima,http://twitter.com/search?q=%23Colima,%23Colima,,2021-06-28 04:06:02.344622,Mexico
#animeselcaday,http://twitter.com/search?q=%23animeselcaday,%23animeselcaday,114262.0,2021-06-28 04:06:02.344622,Mexico
#LeeteukenBBVAMx,http://twitter.com/search?q=%23LeeteukenBBVAMx,%23LeeteukenBBVAMx,,2021-06-28 04:06:02.344622,Mexico
#BETAwards,http://twitter.com/search?q=%23BETAwards,%23BETAwards,389208.0,2021-06-28 04:06:02.344622,United States
#PassTheMicOnBET,http://twitter.com/search?q=%23PassTheMicOnBET,%23PassTheMicOnBET,,2021-06-28 04:06:02.344622,United States
#MILvsATL,http://twitter.com/search?q=%23MILvsATL,%23MILvsATL,,2021-06-28 04:06:02.344622,United States
#GymTrials21,http://twitter.com/search?q=%23GymTrials21,%23GymTrials21,21910.0,2021-06-28 04:06:02.344622,United States
#FearTheDeer,http://twitter.com/search?q=%23FearTheDeer,%23FearTheDeer,,2021-06-28 04:06:02.344622,United States
